{
 "vhid_HA1": {
  "leave_virus_out": {
   "LASSO": [
    0.7437036300291993,
    0.7565873855532229,
    0.7241987474244098,
    0.6852551648891207,
    0.7364232826490453
   ],
   "Ridge": [
    0.7282706062664657,
    0.7617416796673264,
    0.6391463729477675,
    0.625972208212796,
    0.7360341817184769
   ],
   "XGBoost": [
    0.8619629873340648,
    0.8353339237239008,
    0.8164160022546108,
    0.7947590541518399,
    0.8206973330413105
   ],
   "KAN": [
    0.8021319016539186,
    0.8299559227028049,
    0.7940428159100923,
    0.7463467280735611,
    0.787782691973622
   ],
   "_n_groups": 246
  },
  "leave_serum_out": {
   "LASSO": [
    0.5913593111047795,
    0.4199760573057514,
    0.7469775197582375,
    0.5958989358710589,
    0.6205997025941341
   ],
   "Ridge": [
    0.5661525232061881,
    0.3905185615816209,
    0.7433739578402084,
    0.5430889774328381,
    0.6209010140664708
   ],
   "XGBoost": [
    0.6986662151899696,
    0.4347210638279587,
    0.7904394966565051,
    0.6066302438620719,
    0.6146007800473714
   ],
   "KAN": [
    0.7155286760551464,
    0.29166107349962034,
    0.7439435414844131,
    0.5326899283550582,
    0.5890011073717311
   ],
   "_n_groups": 45
  }
 },
 "H3N2": {
  "leave_virus_out": {
   "LASSO": [
    0.4300825588284942,
    0.5112783371409789,
    0.4507059416503607,
    -0.12261516167006392,
    0.464948491983713
   ],
   "Ridge": [
    0.35429458387008417,
    0.4935574919036281,
    0.44535082636300505,
    -12.52537921993574,
    0.4435828235357032
   ],
   "XGBoost": [
    0.4422360319913642,
    0.5904567499242801,
    0.5602371189758439,
    0.5017452388274474,
    0.5474276655017675
   ],
   "KAN": [
    0.3752711945572146,
    0.5414755525926296,
    0.503959352779895,
    0.36747409525497543,
    0.5006696826399532
   ],
   "_n_groups": 304
  },
  "leave_serum_out": {
   "LASSO": [
    0.2991131619520214,
    0.5313030167421513,
    0.4286829578601957,
    0.4686767585862005,
    0.3996746836347157
   ],
   "Ridge": [
    0.2840120226317825,
    0.5102965469174072,
    0.47307275459316345,
    0.4845292433105677,
    0.38881471537301937
   ],
   "XGBoost": [
    0.3784955218346704,
    0.5178871418556207,
    0.49784738282523067,
    0.5234595150618264,
    0.39020262496911406
   ],
   "KAN": [
    0.3811409774027975,
    0.4792729937671585,
    0.47017899526208917,
    0.43810444883942035,
    0.35496469761740435
   ],
   "_n_groups": 191
  }
 }
}