{
 "vhid_HA1": {
  "LASSO": [
   0.7432671570715044,
   0.7320209774101191,
   0.7537906898019846,
   0.7317060553652888,
   0.7436267590113219,
   0.7571415179594131,
   0.7355527042039942,
   0.748415325259815,
   0.7164421025364037,
   0.7401320521905648,
   0.7441397166801562,
   0.7250964978707765,
   0.7406818371705293,
   0.7304031217595343,
   0.7427212289086038,
   0.7245804080160041,
   0.7363941548976878,
   0.744384721086862,
   0.7496920678872895,
   0.732204558086194
  ],
  "Ridge": [
   0.7538879576887931,
   0.7315790775881997,
   0.7522092674491729,
   0.7458445974411237,
   0.7469353681969984,
   0.7611931227831634,
   0.7418667647026664,
   0.7611928432185036,
   0.7152579958019096,
   0.7324721088786698,
   0.7466577374521877,
   0.7259107628188339,
   0.7519264599457642,
   0.7315894175022826,
   0.735495547105881,
   0.7323995646704728,
   0.7417116134781423,
   0.7447665982062772,
   0.7481796267834488,
   0.7512101115839945
  ],
  "XGBoost": [
   0.8515670152453145,
   0.8257439723586015,
   0.8435894365656218,
   0.8580489702382532,
   0.8512250151009445,
   0.8607716564318381,
   0.833346840038878,
   0.8485067199680987,
   0.8238427626561673,
   0.8565729309824377,
   0.8473397173477646,
   0.8393155784402742,
   0.8578476554423611,
   0.8469961597459279,
   0.8326589495472613,
   0.8283686336767772,
   0.8477217414593452,
   0.8317815684487646,
   0.8585698619738413,
   0.8541758836756678
  ],
  "KAN": [
   0.8327707275815276,
   0.8209454479524965,
   0.8184075290602433,
   0.8318992249721973,
   0.8322900719736973,
   0.8335381765160887,
   0.8219391848815822,
   0.8132031614524619,
   0.7982354376779055,
   0.8160418003200621,
   0.80370920845924,
   0.8198799910100001,
   0.8338333733935689,
   0.8190169607792624,
   0.8092835855814098,
   0.7870730416160191,
   0.813630811782603,
   0.8097168327433051,
   0.8496921824965855,
   0.8331505484872035
  ]
 },
 "H3N2": {
  "LASSO": [
   0.5075577013194453,
   0.5199867037328503,
   0.49094132087518594,
   0.49399916989874526,
   0.5026550840638148,
   0.5032466413299279,
   0.4852418406445519,
   0.5327273840967798,
   0.49330978356502186,
   0.5078296344553808,
   0.504394100882015,
   0.5091043343555735,
   0.4795366440227916,
   0.4889860971592239,
   0.5052285823023872,
   0.512929024162704,
   0.5180249412537687,
   0.5096084780304361,
   0.5121028545251063,
   0.46906907125378117
  ],
  "Ridge": [
   0.5219409741944716,
   0.5407402096104168,
   0.52072083463963,
   0.4870983874761178,
   0.5225532465922158,
   0.5179184903834358,
   0.5031543478425402,
   0.5423271408814863,
   0.5085030146398833,
   0.5231067957318791,
   0.5201868398457417,
   0.5244378642411655,
   0.5019330424207373,
   0.5231584885394541,
   0.5153953644827682,
   0.52467426389602,
   0.5314579154314563,
   0.5243848763713359,
   0.5220267969165941,
   0.49510385970998105
  ],
  "XGBoost": [
   0.6227141872436376,
   0.6341970010841357,
   0.6259906845538433,
   0.577531957266396,
   0.616158734725921,
   0.6258022001369833,
   0.5907008984580289,
   0.642905557496135,
   0.6052482812717592,
   0.6175128992422227,
   0.6133369182105848,
   0.6286278769453181,
   0.5946383886753823,
   0.611320889127221,
   0.6126280043946206,
   0.6111188500109015,
   0.6240263617662083,
   0.607201869650124,
   0.6295130266943731,
   0.5770998848572827
  ],
  "KAN": [
   0.5974681531530359,
   0.6123437275859158,
   0.5876706014651082,
   0.5822767264279118,
   0.6009912917061686,
   0.5918249768694952,
   0.5617678370664919,
   0.608022306635603,
   0.5761232157375494,
   0.5708269519050271,
   0.5712058240003984,
   0.6072621627957032,
   0.5683277777064129,
   0.5738825503469742,
   0.6119476450770728,
   0.5862697012481857,
   0.5919688725607009,
   0.590501536620086,
   0.6001063329622777,
   0.5136364779886482
  ]
 }
}