{
  "vhid_HA1": {
    "r2_test": 0.6667257399856237,
    "feature_names": [
      "pos156__grantham_c",
      "pos156__grantham_p",
      "pos156__grantham_v",
      "pos156__hydropathy",
      "pos156__charge",
      "pos156__helix",
      "pos156__sheet",
      "pos156__turn",
      "pos156__aromatic",
      "pos156__flexibility",
      "pos156__hbond_donor",
      "pos156__hbond_acceptor",
      "pos158__grantham_c",
      "pos158__grantham_p",
      "pos158__grantham_v",
      "pos158__hydropathy",
      "pos158__charge",
      "pos158__helix",
      "pos158__sheet",
      "pos158__turn",
      "pos158__flexibility",
      "pos158__hbond_donor",
      "pos158__hbond_acceptor",
      "pos189__grantham_c",
      "pos189__grantham_p",
      "pos189__grantham_v",
      "pos189__hydropathy",
      "pos189__charge",
      "pos189__helix",
      "pos189__sheet",
      "pos189__turn",
      "pos189__flexibility",
      "pos189__hbond_donor",
      "pos189__hbond_acceptor",
      "pos289__grantham_c",
      "pos289__grantham_p",
      "pos289__grantham_v",
      "pos289__hydropathy",
      "pos289__helix",
      "pos289__sheet",
      "pos289__turn",
      "pos289__flexibility",
      "pos289__hbond_donor",
      "pos289__hbond_acceptor"
    ],
    "importance": {
      "pos156__grantham_c": 0.0016856628935784101,
      "pos156__grantham_p": 0.003025342943146825,
      "pos156__grantham_v": 0.005831049755215645,
      "pos156__hydropathy": 0.005893380846828222,
      "pos156__charge": 0.0047312453389167786,
      "pos156__helix": 0.002882707165554166,
      "pos156__sheet": 0.007637573406100273,
      "pos156__turn": 0.006909327581524849,
      "pos156__aromatic": 0.02284800074994564,
      "pos156__flexibility": 0.009989336133003235,
      "pos156__hbond_donor": 0.006545737851411104,
      "pos156__hbond_acceptor": 0.002332621719688177,
      "pos158__grantham_c": 0.00843020435422659,
      "pos158__grantham_p": 0.010767207480967045,
      "pos158__grantham_v": 0.00811630580574274,
      "pos158__hydropathy": 0.02963012456893921,
      "pos158__charge": 0.06028743460774422,
      "pos158__helix": 0.005070702638477087,
      "pos158__sheet": 0.005719820503145456,
      "pos158__turn": 0.005605502054095268,
      "pos158__flexibility": 0.005732733756303787,
      "pos158__hbond_donor": 0.039091408252716064,
      "pos158__hbond_acceptor": 0.018454400822520256,
      "pos189__grantham_c": 0.04127608239650726,
      "pos189__grantham_p": 0.03305863216519356,
      "pos189__grantham_v": 0.01029474101960659,
      "pos189__hydropathy": 0.03608644753694534,
      "pos189__charge": 0.009869848378002644,
      "pos189__helix": 0.05642442777752876,
      "pos189__sheet": 0.06658213585615158,
      "pos189__turn": 0.030429409816861153,
      "pos189__flexibility": 0.005380840506404638,
      "pos189__hbond_donor": 0.008074150420725346,
      "pos189__hbond_acceptor": 0.07154783606529236,
      "pos289__grantham_c": 0.005924601573497057,
      "pos289__grantham_p": 0.011534295044839382,
      "pos289__grantham_v": 0.0005051391199231148,
      "pos289__hydropathy": 0.01087871566414833,
      "pos289__helix": 0.009644498117268085,
      "pos289__sheet": 0.007109901402145624,
      "pos289__turn": 0.0003356331726536155,
      "pos289__flexibility": 0.0003859242133330554,
      "pos289__hbond_donor": 0.008367798291146755,
      "pos289__hbond_acceptor": 0.011653884314000607
    },
    "top_property_features": [
      [
        "pos189__hbond_acceptor",
        0.07154783606529236
      ],
      [
        "pos189__sheet",
        0.06658213585615158
      ],
      [
        "pos158__charge",
        0.06028743460774422
      ],
      [
        "pos189__helix",
        0.05642442777752876
      ],
      [
        "pos189__grantham_c",
        0.04127608239650726
      ],
      [
        "pos158__hbond_donor",
        0.039091408252716064
      ],
      [
        "pos189__hydropathy",
        0.03608644753694534
      ],
      [
        "pos189__grantham_p",
        0.03305863216519356
      ],
      [
        "pos189__turn",
        0.030429409816861153
      ],
      [
        "pos158__hydropathy",
        0.02963012456893921
      ],
      [
        "pos156__aromatic",
        0.02284800074994564
      ],
      [
        "pos158__hbond_acceptor",
        0.018454400822520256
      ]
    ],
    "survivors": [
      156,
      158,
      189,
      289
    ]
  },
  "H3N2": {
    "r2_test": 0.5309525034420561,